[{
  "_id": {
    "$oid": "6902580320b5eae281d68c28"
  },
  "name": "Task Management App",
  "description": "App to manage my tasks... Like fighting Dio!",
  "hashtags": [
    "javascript",
    "react"
  ],
  "type": "web-application",
  "owner": {
    "$oid": "6902568d20b5eae281d68c27"
  },
  "members": [
    {
      "$oid": "6902568d20b5eae281d68c27"
    }
  ],
  "files": [],
  "createdAt": {
    "$date": "2025-10-29T18:08:03.993Z"
  },
  "version": "1.0.0",
  "status": "checked-in",
  "checkedOutBy": null,
  "checkins": [
    {
      "user": {
        "$oid": "6902568d20b5eae281d68c27"
      },
      "message": "Project created",
      "version": "1.0.0",
      "date": {
        "$date": "2025-10-29T18:08:03.993Z"
      },
      "files": []
    }
  ]
},
{
  "_id": {
    "$oid": "69025b1220b5eae281d68c31"
  },
  "name": "E-Commerce Platform",
  "description": "Platform for my business. I love business. Me Me Business Boy.",
  "hashtags": [
    "html",
    "css"
  ],
  "type": "desktop-app",
  "owner": {
    "$oid": "6902588820b5eae281d68c29"
  },
  "members": [
    {
      "$oid": "6902588820b5eae281d68c29"
    }
  ],
  "files": [],
  "createdAt": {
    "$date": "2025-10-29T18:21:06.978Z"
  },
  "version": "1.0.1",
  "status": "checked-in",
  "checkedOutBy": null,
  "checkins": [
    {
      "user": {
        "$oid": "6902588820b5eae281d68c29"
      },
      "message": "Project created",
      "version": "1.0.0",
      "date": {
        "$date": "2025-10-29T18:21:06.978Z"
      },
      "files": []
    },
    {
      "user": {
        "$oid": "6902588820b5eae281d68c29"
      },
      "message": "MMMM... Business",
      "version": "1.0.1",
      "files": [],
      "date": {
        "$date": "2025-10-29T18:48:10.511Z"
      }
    }
  ]
},
{
  "_id": {
    "$oid": "69025c7820b5eae281d68c32"
  },
  "name": "Marine Biology Tracker",
  "description": "TRACK THE DOLPHINS!",
  "hashtags": [
    "php"
  ],
  "type": "mobile-app",
  "owner": {
    "$oid": "690258b420b5eae281d68c2a"
  },
  "members": [
    {
      "$oid": "690258b420b5eae281d68c2a"
    }
  ],
  "files": [],
  "createdAt": {
    "$date": "2025-10-29T18:27:04.459Z"
  },
  "version": "1.0.0",
  "status": "checked-in",
  "checkedOutBy": null,
  "checkins": [
    {
      "user": {
        "$oid": "690258b420b5eae281d68c2a"
      },
      "message": "Project created",
      "version": "1.0.0",
      "date": {
        "$date": "2025-10-29T18:27:04.459Z"
      },
      "files": []
    }
  ]
},
{
  "_id": {
    "$oid": "69025d6020b5eae281d68c33"
  },
  "name": "Blog Platform",
  "description": "My blog documenting my life in Morio with my pals.",
  "hashtags": [
    "html"
  ],
  "type": "web-application",
  "owner": {
    "$oid": "690258d020b5eae281d68c2b"
  },
  "members": [
    {
      "$oid": "690258d020b5eae281d68c2b"
    }
  ],
  "files": [],
  "createdAt": {
    "$date": "2025-10-29T18:30:56.004Z"
  },
  "version": "1.0.0",
  "status": "checked-in",
  "checkedOutBy": null,
  "checkins": [
    {
      "user": {
        "$oid": "690258d020b5eae281d68c2b"
      },
      "message": "Project created",
      "version": "1.0.0",
      "date": {
        "$date": "2025-10-29T18:30:56.004Z"
      },
      "files": []
    }
  ]
},
{
  "_id": {
    "$oid": "69025dc720b5eae281d68c34"
  },
  "name": "Payment Processing Library",
  "description": "Library to keep track of the Mafia... I mean legal business' money",
  "hashtags": [
    "react"
  ],
  "type": "library",
  "owner": {
    "$oid": "690258f820b5eae281d68c2c"
  },
  "members": [
    {
      "$oid": "690258f820b5eae281d68c2c"
    }
  ],
  "files": [],
  "createdAt": {
    "$date": "2025-10-29T18:32:39.683Z"
  },
  "version": "1.0.0",
  "status": "checked-in",
  "checkedOutBy": null,
  "checkins": [
    {
      "user": {
        "$oid": "690258f820b5eae281d68c2c"
      },
      "message": "Project created",
      "version": "1.0.0",
      "date": {
        "$date": "2025-10-29T18:32:39.683Z"
      },
      "files": []
    }
  ]
},
{
  "_id": {
    "$oid": "69025e5a20b5eae281d68c35"
  },
  "name": "Weather API",
  "description": "Weather? Weather Report? Hope he doesn't turn people into snails again, you know, cause of the weather.",
  "hashtags": [
    "C++"
  ],
  "type": "api",
  "owner": {
    "$oid": "6902596620b5eae281d68c2d"
  },
  "members": [
    {
      "$oid": "6902596620b5eae281d68c2d"
    }
  ],
  "files": [],
  "createdAt": {
    "$date": "2025-10-29T18:35:06.685Z"
  },
  "version": "1.0.0",
  "status": "checked-in",
  "checkedOutBy": null,
  "checkins": [
    {
      "user": {
        "$oid": "6902596620b5eae281d68c2d"
      },
      "message": "Project created",
      "version": "1.0.0",
      "date": {
        "$date": "2025-10-29T18:35:06.685Z"
      },
      "files": []
    }
  ]
},
{
  "_id": {
    "$oid": "69025f1820b5eae281d68c36"
  },
  "name": "Horse Race Betting",
  "description": "Yee-Haw, Fall off your horse A**HOLE",
  "hashtags": [
    "php"
  ],
  "type": "plugin",
  "owner": {
    "$oid": "6902598d20b5eae281d68c2e"
  },
  "members": [
    {
      "$oid": "6902598d20b5eae281d68c2e"
    }
  ],
  "files": [],
  "createdAt": {
    "$date": "2025-10-29T18:38:16.427Z"
  },
  "version": "1.0.0",
  "status": "checked-in",
  "checkedOutBy": null,
  "checkins": [
    {
      "user": {
        "$oid": "6902598d20b5eae281d68c2e"
      },
      "message": "Project created",
      "version": "1.0.0",
      "date": {
        "$date": "2025-10-29T18:38:16.427Z"
      },
      "files": []
    }
  ]
},
{
  "_id": {
    "$oid": "69025fd920b5eae281d68c37"
  },
  "name": "Social Media Analytics",
  "description": "Dashboard for realtime analytics on a multitude if social media, maybe I can figure out who I am then...",
  "hashtags": [
    "html",
    "css",
    "javascript"
  ],
  "type": "web-application",
  "owner": {
    "$oid": "690259b620b5eae281d68c2f"
  },
  "members": [
    {
      "$oid": "690259b620b5eae281d68c2f"
    }
  ],
  "files": [],
  "createdAt": {
    "$date": "2025-10-29T18:41:29.797Z"
  },
  "version": "1.0.0",
  "status": "checked-in",
  "checkedOutBy": null,
  "checkins": [
    {
      "user": {
        "$oid": "690259b620b5eae281d68c2f"
      },
      "message": "Project created",
      "version": "1.0.0",
      "date": {
        "$date": "2025-10-29T18:41:29.797Z"
      },
      "files": []
    }
  ]
},
{
  "_id": {
    "$oid": "6902603720b5eae281d68c38"
  },
  "name": "Pharmaceutical Site",
  "description": "A site to sell of my completely legal drugs, I mean medication.",
  "hashtags": [
    "Java"
  ],
  "type": "web-application",
  "owner": {
    "$oid": "690259d720b5eae281d68c30"
  },
  "members": [
    {
      "$oid": "690259d720b5eae281d68c30"
    }
  ],
  "files": [],
  "createdAt": {
    "$date": "2025-10-29T18:43:03.666Z"
  },
  "version": "1.0.0",
  "status": "checked-in",
  "checkedOutBy": null,
  "checkins": [
    {
      "user": {
        "$oid": "690259d720b5eae281d68c30"
      },
      "message": "Project created",
      "version": "1.0.0",
      "date": {
        "$date": "2025-10-29T18:43:03.666Z"
      },
      "files": []
    }
  ]
},
{
  "_id": {
    "$oid": "6902607f20b5eae281d68c39"
  },
  "name": "Real Estate Platform",
  "description": "Properties BABY. NICE!",
  "hashtags": [
    "javascript"
  ],
  "type": "plugin",
  "owner": {
    "$oid": "6902588820b5eae281d68c29"
  },
  "members": [
    {
      "$oid": "6902588820b5eae281d68c29"
    }
  ],
  "files": [],
  "createdAt": {
    "$date": "2025-10-29T18:44:15.270Z"
  },
  "version": "1.0.1",
  "status": "checked-in",
  "checkedOutBy": null,
  "checkins": [
    {
      "user": {
        "$oid": "6902588820b5eae281d68c29"
      },
      "message": "Project created",
      "version": "1.0.0",
      "date": {
        "$date": "2025-10-29T18:44:15.270Z"
      },
      "files": []
    },
    {
      "user": {
        "$oid": "6902588820b5eae281d68c29"
      },
      "message": "Added some files",
      "version": "1.0.1",
      "files": [
        {
          "name": "server.js",
          "type": "text/javascript",
          "size": 1581
        }
      ],
      "date": {
        "$date": "2025-10-29T18:46:40.966Z"
      }
    }
  ]
}]