[{
  "_id": {
    "$oid": "68daafaccdb6315be741536f"
  },
  "name": "Test1",
  "email": "test1@test.com",
  "password": "test1234",
  "bio": "Hey, I am Test1 and this is my profile\n:D",
  "friends": [
    {
      "$oid": "6902568d20b5eae281d68c27"
    }
  ],
  "projects": [
    "68daafaccdb6315be741536f",
    "68daafaccdb6315be7415372"
  ],
  "createdAt": {
    "$date": "2025-09-29T16:11:24.386Z"
  },
  "avatar": "https://avatar.iran.liara.run/public/5"
},
{
  "_id": {
    "$oid": "6902568d20b5eae281d68c27"
  },
  "name": "Jonathan",
  "email": "phantom@blood.jjba",
  "password": "ilikejojo",
  "createdAt": {
    "$date": "2025-10-29T18:01:49.099Z"
  },
  "friends": [
    {
      "$oid": "68daafaccdb6315be741536f"
    }
  ],
  "projects": [],
  "avatar": "https://avatar.iran.liara.run/public/18",
  "bio": "Lovable, Buff, Gentleman."
},
{
  "_id": {
    "$oid": "6902588820b5eae281d68c29"
  },
  "name": "Joseph",
  "email": "battle@tendency.jjba",
  "password": "ilikejojo",
  "createdAt": {
    "$date": "2025-10-29T18:10:16.939Z"
  },
  "friends": [
    {
      "$oid": "690258b420b5eae281d68c2a"
    },
    {
      "$oid": "690258d020b5eae281d68c2b"
    }
  ],
  "projects": [],
  "avatar": "https://avatar.iran.liara.run/public/45",
  "bio": "My secret technique? Running Away!"
},
{
  "_id": {
    "$oid": "690258b420b5eae281d68c2a"
  },
  "name": "Jotaro",
  "email": "stardust@crusaders.jjba",
  "password": "ilikejojo",
  "createdAt": {
    "$date": "2025-10-29T18:11:00.069Z"
  },
  "friends": [
    {
      "$oid": "6902588820b5eae281d68c29"
    }
  ],
  "projects": [],
  "avatar": "https://avatar.iran.liara.run/public/46",
  "bio": "Yare yare daze."
},
{
  "_id": {
    "$oid": "690258d020b5eae281d68c2b"
  },
  "name": "Josuke",
  "email": "diamond@unbreakable.jjba",
  "password": "ilikejojo",
  "createdAt": {
    "$date": "2025-10-29T18:11:28.456Z"
  },
  "friends": [
    {
      "$oid": "6902588820b5eae281d68c29"
    }
  ],
  "projects": [],
  "avatar": "https://avatar.iran.liara.run/public/25",
  "bio": "Yo, Angelo..."
},
{
  "_id": {
    "$oid": "690258f820b5eae281d68c2c"
  },
  "name": "Giorno",
  "email": "golden@wind.jjba",
  "password": "ilikejojo",
  "createdAt": {
    "$date": "2025-10-29T18:12:08.954Z"
  },
  "friends": [],
  "projects": [],
  "avatar": "https://avatar.iran.liara.run/public/20",
  "bio": "I Giorno Giovanna, have a dream"
},
{
  "_id": {
    "$oid": "6902596620b5eae281d68c2d"
  },
  "name": "Jolyne",
  "email": "stone@ocean.jjba",
  "password": "ilikejojo",
  "createdAt": {
    "$date": "2025-10-29T18:13:58.409Z"
  },
  "friends": [],
  "projects": [],
  "avatar": "https://avatar.iran.liara.run/public/100",
  "bio": "Don't tell the prison about this account, OK?"
},
{
  "_id": {
    "$oid": "6902598d20b5eae281d68c2e"
  },
  "name": "Johnny",
  "email": "steel@ball.run",
  "password": "ilikejojo",
  "createdAt": {
    "$date": "2025-10-29T18:14:37.258Z"
  },
  "friends": [
    {
      "$oid": "690259d720b5eae281d68c30"
    },
    {
      "$oid": "690259b620b5eae281d68c2f"
    }
  ],
  "projects": [],
  "avatar": "https://avatar.iran.liara.run/public/42",
  "bio": "Paralysed but I can ride a horse good."
},
{
  "_id": {
    "$oid": "690259b620b5eae281d68c2f"
  },
  "name": "Gappy",
  "email": "jojo@lion.jjba",
  "password": "ilikejojo",
  "createdAt": {
    "$date": "2025-10-29T18:15:18.719Z"
  },
  "friends": [
    {
      "$oid": "6902598d20b5eae281d68c2e"
    }
  ],
  "projects": []
},
{
  "_id": {
    "$oid": "690259d720b5eae281d68c30"
  },
  "name": "Jodio",
  "email": "jojo@lands.jjba",
  "password": "ilikejojo",
  "createdAt": {
    "$date": "2025-10-29T18:15:51.941Z"
  },
  "friends": [
    {
      "$oid": "6902598d20b5eae281d68c2e"
    }
  ],
  "projects": []
}]